Notebook gr6_FL,Product setup for Notebook,/nsmedia/images/bc/notebook.png,"""9780544094765""",myNotebook,/content/hmof/language_arts/hmhcollections/resources/common/mnb_9780544094574_/index.html ,myNotebook,/content/hmof/language_arts/hmhcollections/resources/common/mnb_9780544094574_/index.html ,2,Notebook,9,Reading,6
Notebook gr7_FL,Product setup for Notebook,/nsmedia/images/bc/notebook.png,"""9780544094581""",myNotebook,/content/hmof/language_arts/hmhcollections/resources/common/mnb_9780544094574_/index.html ,myNotebook,/content/hmof/language_arts/hmhcollections/resources/common/mnb_9780544094574_/index.html ,2,Notebook,9,Reading,7
Notebook gr8_FL,Product setup for Notebook,/nsmedia/images/bc/notebook.png,"""9780544094598""",myNotebook,/content/hmof/language_arts/hmhcollections/resources/common/mnb_9780544094574_/index.html ,myNotebook,/content/hmof/language_arts/hmhcollections/resources/common/mnb_9780544094574_/index.html ,2,Notebook,9,Reading,8
FL Resources - Grade 8,Product setup for FL Resources - Grade 8,/nsmedia/images/bc/student_resources.png,"""9780544253063""",Teacher Resources,/content/hmof/language_arts/hmhcollections/resources/gr8/teacher_resources_9780544253063_,Student Resources,/content/hmof/language_arts/hmhcollections/resources/gr8/student_resources_9780544253063_,2,Resources,3,Reading,8
NA Resources - Grade 7,"Product setup for NA Resources - Grade 7
",/nsmedia/images/bc/student_resources.png,"""9780544094314""",Teacher Resources,/content/hmof/language_arts/hmhcollections/resources/gr7/teacher_resources_9780544094314_,Student Resources,/content/hmof/language_arts/hmhcollections/resources/gr7/student_resources_9780544094314_,2,Resources,3,Reading,7
NA Resources - Grade 8,"Product setup for NA Resources - Grade 8
",/nsmedia/images/bc/student_resources.png,"""9780544094321""",Teacher Resources,/content/hmof/language_arts/hmhcollections/resources/gr8/teacher_resources_9780544094321_,Student Resources,/content/hmof/language_arts/hmhcollections/resources/gr8/student_resources_9780544094321_,2,Resources,3,Reading,8
FL Resources - Grade 11,Product setup for FL Resources - Grade 11,/nsmedia/images/bc/student_resources.png,"""9780544253094""",Teacher Resources,/content/hmof/language_arts/hmhcollections/resources/gr11/teacher_resources_9780544253094_,Student Resources,/content/hmof/language_arts/hmhcollections/resources/gr11/student_resources_9780544253094_,2,Resources,3,Reading,11
GA Resources - Grade 12,Product setup for GA Resources - Grade 12,/nsmedia/images/bc/student_resources.png,"""9780544094451""",Teacher Resources,/content/hmof/language_arts/hmhcollections/resources/gr12/teacher_resources_9780544094451_,Student Resources,/content/hmof/language_arts/hmhcollections/resources/gr12/student_resources_9780544094451_,2,Resources,3,Reading,12
MyWriteSmart - Grade 12,Product setup for MyWriteSmart - Grade 12,/nsmedia/images/bc/mywritesmart.png,"""9780544258266""",myWriteSmart,/HRWHoap/MWSTeacherDashboardLoader?isbn=9780544158122&grade=12,,,2,myWriteSmart Activities,10,Reading,12
NA Resources - Grade 10,"Product setup for NA Resources - Grade 10
",/nsmedia/images/bc/student_resources.png,"""9780544094345""",Teacher Resources,/content/hmof/language_arts/hmhcollections/resources/gr10/teacher_resources_9780544094345_,Student Resources,/content/hmof/language_arts/hmhcollections/resources/gr10/student_resources_9780544094345_,2,Resources,8,Reading,10
NA Resources - Grade 11,"Product setup for NA Resources - Grade 11
",/nsmedia/images/bc/student_resources.png,"""9780544094352""",Teacher Resources,/content/hmof/language_arts/hmhcollections/resources/gr11/teacher_resources_9780544094352_,Student Resources,/content/hmof/language_arts/hmhcollections/resources/gr11/student_resources_9780544094352_,2,Resources,3,Reading,11
NA Resources - Grade 12,"Product setup for NA Resources - Grade 12
",/nsmedia/images/bc/student_resources.png,"""9780544094369""",Teacher Resources,/content/hmof/language_arts/hmhcollections/resources/gr12/teacher_resources_9780544094369_,Student Resources,/content/hmof/language_arts/hmhcollections/resources/gr12/student_resources_9780544094369_,2,Resources,3,Reading,12
MyWriteSmart - Grade 6 NA,"Product setup for MyWriteSmart - Grade 6 NA
",/nsmedia/images/bc/mywritesmart.png,"""9780544252332""",myWriteSmart,/HRWHoap/MWSTeacherDashboardLoader?isbn=9780544094307&grade=6,,,2,myWriteSmart Activities,10,Reading,6
MyWriteSmart - Grade 7 NA,"Product setup for MyWriteSmart - Grade 7 NA
",/nsmedia/images/bc/mywritesmart.png,"""9780544251809""",myWriteSmart,/HRWHoap/MWSTeacherDashboardLoader?isbn=9780544094314&grade=7,,,-1,myWriteSmart Activities,10,Reading,7
MyWriteSmart - Grade 8 NA,"Product setup for MyWriteSmart - Grade 8 NA
",/nsmedia/images/bc/mywritesmart.png,"""9780544252240""",myWriteSmart,/HRWHoap/MWSTeacherDashboardLoader?isbn=9780544094321&grade=8,,,-1,myWriteSmart Activities,10,Reading,8
MyWriteSmart - Grade 9_FL,Product setup for MyWriteSmart - Grade 9_FL,/nsmedia/images/bc/mywritesmart.png,"""9780544253353""",myWriteSmart,/HRWHoap/MWSTeacherDashboardLoader?isbn=9780544087859&grade=9,,,2,myWriteSmart Activities,10,Reading,9
MyWriteSmart - Grade 10 NA,"Product setup for MyWriteSmart - Grade 10 NA
",/nsmedia/images/bc/mywritesmart.png,"""9780544252554""",myWriteSmart,/HRWHoap/MWSTeacherDashboardLoader?isbn=9780544094345&grade=10,,,2,myWriteSmart Activities,5,Reading,10
MyWriteSmart - Grade 11 NA,"Product setup for MyWriteSmart - Grade 11 NA
",/nsmedia/images/bc/mywritesmart.png,"""9780544252288""",myWriteSmart,/HRWHoap/MWSTeacherDashboardLoader?isbn=9780544094352&grade=11,,,2,myWriteSmart Activities,10,Reading,11
MyWriteSmart - Grade 12 NA,"Product setup for MyWriteSmart - Grade 12 NA
",/nsmedia/images/bc/mywritesmart.png,"""9780544252295""",myWriteSmart,/HRWHoap/MWSTeacherDashboardLoader?isbn=9780544094451&grade=12,,,2,myWriteSmart Activities,10,Reading,12
MyWriteSmart - Grade 11_FL_,Product setup for MyWriteSmart - Grade 11_FL_,/nsmedia/images/bc/mywritesmart.png,"""9780544253735""",myWriteSmart,/HRWHoap/MWSTeacherDashboardLoader?isbn=9780544087903&grade=11,,,2,myWriteSmart Activities,10,Reading,11
MyWriteSmart - Grade 7 may 18,MyWriteSmart - Grade 7 may 18,/nsmedia/images/icons/mywrite_smart_iconx2.png,"""7070544258211""",May 18th TEST myWriteSmart,/HRWHoap/MWSTeacherDashboardLoader?isbn=7070544156883&grade=7,,,2,myWriteSmart Activities,5,Reading,7
FL Integrated Online Edition  Grade 9,Product setup for FL Integrated Online Edition  Grade 9,/nsmedia/images/bc/teacher_ebook.png,"""9780544087859""",Teacher eBook,/content/hmof/language_arts/hmhcollections/fl/gr9/ete_9780544087859_,,,2,eBook,2,Reading,9
NA Integrated Online Edition  Grade 6,"Product setup for NA Integrated Online Edition  Grade 6
",/nsmedia/images/bc/teacher_ebook.png,"""9780544061002""",Teacher eBook,/content/hmof/language_arts/hmhcollections/na/gr6/ete_9780544061002_,,,2,eBook,2,Reading,6
NA Integrated Online Edition  Grade 7,"Product setup for NA Integrated Online Edition  Grade 7
",/nsmedia/images/bc/teacher_ebook.png,"""9780544087651""",Teacher eBook,/content/hmof/language_arts/hmhcollections/na/gr7/ete_9780544087651_,,,2,eBook,2,Reading,7
NA Integrated Online Edition  Grade 8,"Product setup for NA Integrated Online Edition  Grade 8
",/nsmedia/images/bc/teacher_ebook.png,"""9780544087675""",Teacher eBook,/content/hmof/language_arts/hmhcollections/na/gr8/ete_9780544087675_,,,2,eBook,2,Reading,8
Writing Collections Menu - Grade 6 NA,"Product setup for Writing Collections Menu - Grade 6 NA
",/nsmedia/images/bc/student_resources.png,"""9780544154049""",Interactive Writing Lessons,/content/hmof/language_arts/hmhcollections/na/gr6/dlo_landing_page_9780544398412_/Teacher_Landing_Page/index.html?tab=1,Interactive Writing Lessons,/content/hmof/language_arts/hmhcollections/na/gr6/dlo_landing_page_9780544398412_/Student_Landing_Page/index.html?tab=1,2,DLO,4,Reading,6
Writing Collections Menu - Grade 7 NA,"Product setup for Writing Collections Menu - Grade 7 NA
",/nsmedia/images/bc/student_resources.png,"""9780544154056""",Interactive Writing Lessons,/content/hmof/language_arts/hmhcollections/na/gr7/dlo_landing_page_9780544398429_/Teacher_Landing_Page/index.html?tab=1,Interactive Writing Lessons,/content/hmof/language_arts/hmhcollections/na/gr7/dlo_landing_page_9780544398429_/Student_Landing_Page/index.html?tab=1,2,DLO,4,Reading,7
Writing Collections Menu - Grade 8 NA,"Product setup for Writing Collections Menu - Grade 8 NA
",/nsmedia/images/bc/student_resources.png,"""9780544154063""",Interactive Writing Lessons,/content/hmof/language_arts/hmhcollections/na/gr8/dlo_landing_page_9780544398436_/Teacher_Landing_Page/index.html?tab=1,Interactive Writing Lessons,/content/hmof/language_arts/hmhcollections/na/gr8/dlo_landing_page_9780544398436_/Student_Landing_Page/index.html?tab=1,2,DLO,4,Reading,8
Writing Collections Menu - Grade 9_FL,Product setup for Writing Collections Menu - Grade 9_FL,/nsmedia/images/bc/student_resources.png,"""9780544260269""",Interactive Writing Lessons,/content/hmof/language_arts/hmhcollections/fl/gr9/dlo_landing_page_9780544398719_/Teacher_Landing_Page/index.html?tab=1,Interactive Writing Lessons,/content/hmof/language_arts/hmhcollections/fl/gr9/dlo_landing_page_9780544398719_/Student_Landing_Page/index.html?tab=1,2,DLO,4,Reading,9
FL Integrated Online Edition  Grade 11,"Product setup for FL Integrated Online Edition  Grade 11
",/nsmedia/images/bc/teacher_ebook.png,"""9780544087903""",Teacher eBook,/content/hmof/language_arts/hmhcollections/fl/gr11/ete_9780544087903_,,,2,eBook,2,Reading,11
NA Integrated Online Edition  Grade 11,"Product setup for NA Integrated Online Edition  Grade 11
",/nsmedia/images/bc/teacher_ebook.png,"""9780544087729""",Teacher eBook,/content/hmof/language_arts/hmhcollections/na/gr11/ete_9780544087729_,,,2,eBook,2,Reading,11
NA Integrated Online Edition  Grade 12,"Product setup for NA Integrated Online Edition  Grade 12
",/nsmedia/images/bc/teacher_ebook.png,"""9780544087804""",Teacher eBook,/content/hmof/language_arts/hmhcollections/na/gr12/ete_9780544087804_,,,2,eBook,2,Reading,12
Writing Collections Menu - Grade 11 NA,"Product setup for Writing Collections Menu - Grade 11 NA
",/nsmedia/images/bc/student_resources.png,"""9780544154094""",Interactive Writing Lessons,/content/hmof/language_arts/hmhcollections/na/gr11/dlo_landing_page_9780544398467_/Teacher_Landing_Page/index.html?tab=1,Interactive Writing Lessons,/content/hmof/language_arts/hmhcollections/na/gr11/dlo_landing_page_9780544398467_/Student_Landing_Page/index.html?tab=1,2,DLO,4,Reading,11
Writing Collections Menu - Grade 11_FL,"Product setup for Writing Collections Menu - Grade 11_FL
",/nsmedia/images/bc/student_resources.png,"""9780544261891""",Interactive Writing Lessons,/content/hmof/language_arts/hmhcollections/fl/gr11/dlo_landing_page_9780544399181_/Teacher_Landing_Page/index.html?tab=1,Interactive Writing Lessons,/content/hmof/language_arts/hmhcollections/fl/gr11/dlo_landing_page_9780544399181_/Student_Landing_Page/index.html?tab=1,2,DLO,4,Reading,11
Writing Collections Menu - Grade 12 NA,"Product setup for Writing Collections Menu - Grade 12 NA
",/nsmedia/images/bc/student_resources.png,"""9780544154100""",Interactive Writing Lessons,/content/hmof/language_arts/hmhcollections/na/gr12/dlo_landing_page_9780544398474_/Teacher_Landing_Page/index.html?tab=1,Interactive Writing Lessons,/content/hmof/language_arts/hmhcollections/na/gr12/dlo_landing_page_9780544398474_/Student_Landing_Page/index.html?tab=1,2,DLO,4,Reading,12
Writing Collections Menu - Grade 12_FL,Product setup for Writing Collections Menu - Grade 12_FL,/nsmedia/images/bc/student_resources.png,"""9780544261662""",Interactive Writing Lessons,/content/hmof/language_arts/hmhcollections/fl/gr12/dlo_landing_page_9780544399204_/Teacher_Landing_Page/index.html?tab=1,Interactive Writing Lessons,/content/hmof/language_arts/hmhcollections/fl/gr12/dlo_landing_page_9780544399204_/Student_Landing_Page/index.html?tab=1,2,DLO,4,Reading,12
(TE_SE) FL Integrated Online Edition  Grade 9,Product setup for (TE_SE) FL Integrated Online Edition  Grade 9,/nsmedia/images/bc/student_ebook.png,"""9780544088306""",Student eBook,/content/hmof/language_arts/hmhcollections/fl/gr9/ese_9780544088306_,Student eBook,/content/hmof/language_arts/hmhcollections/fl/gr9/ese_9780544088306_,2,eBook,6,Reading,9
(TE_SE) NA Integrated Online Edition  Grade 6,"Product setup for (TE_SE) NA Integrated Online Edition  Grade 6
",/nsmedia/images/bc/student_ebook.png,"""9780544088160""",Student eBook,/content/hmof/language_arts/hmhcollections/na/gr6/ese_9780544088160_,Student eBook,/content/hmof/language_arts/hmhcollections/na/gr6/ese_9780544088160_,2,eBook,6,Reading,6
(TE_SE) NA Integrated Online Edition  Grade 7,"Product setup for (TE_SE) NA Integrated Online Edition  Grade 7
",/nsmedia/images/bc/student_ebook.png,"""9780544088184""",Student eBook,/content/hmof/language_arts/hmhcollections/na/gr7/ese_9780544088184_,Student eBook,/content/hmof/language_arts/hmhcollections/na/gr7/ese_9780544088184_,2,eBook,6,Reading,7
(TE_SE) NA Integrated Online Edition  Grade 8,"Product setup for (TE_SE) NA Integrated Online Edition  Grade 8
",/nsmedia/images/bc/student_ebook.png,"""9780544088207""",Student eBook,/content/hmof/language_arts/hmhcollections/na/gr8/ese_9780544088207_,Student eBook,/content/hmof/language_arts/hmhcollections/na/gr8/ese_9780544088207_,2,eBook,6,Reading,8
(TE_SE) FL Integrated Online Edition  Grade 11,"Product setup for (TE_SE) FL Integrated Online Edition  Grade 11
",/nsmedia/images/bc/student_ebook.png,"""9780544088337""",Student eBook,/content/hmof/language_arts/hmhcollections/fl/gr11/ese_9780544088337_,Student eBook,/content/hmof/language_arts/hmhcollections/fl/gr11/ese_9780544088337_,2,eBook,6,Reading,11
(TE_SE) NA Integrated Online Edition  Grade 11,"Product setup for (TE_SE) NA Integrated Online Edition  Grade 11
",/nsmedia/images/bc/student_ebook.png,"""9780544088245""",Student eBook,/content/hmof/language_arts/hmhcollections/na/gr11/ese_9780544088245_,Student eBook,/content/hmof/language_arts/hmhcollections/na/gr11/ese_9780544088245_,2,eBook,6,Reading,11
(TE_SE) NA Integrated Online Edition  Grade 12,"Product setup for (TE_SE) NA Integrated Online Edition  Grade 12
",/nsmedia/images/bc/student_ebook.png,"""9780544088269""",Student eBook,/content/hmof/language_arts/hmhcollections/na/gr12/ese_9780544088269_,Student eBook,/content/hmof/language_arts/hmhcollections/na/gr12/ese_9780544088269_,2,eBook,6,Reading,12
Speaking and Listening Collections Menu - Grade 12,Product setup for Speaking and Listening Collections Menu - Grade 12,/nsmedia/images/bc/student_resources.png,"""9780544259072""",Interactive Speaking and Listening Lessons,/content/hmof/language_arts/hmhcollections/ga/gr12/dlo_landing_page_9780544399198_/Teacher_Landing_Page/index.html?tab=2,Interactive Speaking and Listening Lessons,/content/hmof/language_arts/hmhcollections/ga/gr12/dlo_landing_page_9780544399198_/Student_Landing_Page/index.html?tab=2,2,DLO,5,Reading,12
Speaking and Listening Collections Menu - Grade 7 NA,"Speaking and Listening
",/nsmedia/images/bc/student_resources.png,"""9780544260337""",Interactive Speaking and Listening Lessons,/content/hmof/language_arts/hmhcollections/na/gr7/dlo_landing_page_9780544398429_/Teacher_Landing_Page/index.html?tab=2,Interactive Speaking and Listening Lessons,/content/hmof/language_arts/hmhcollections/na/gr7/dlo_landing_page_9780544398429_/Student_Landing_Page/index.html?tab=2,-1,DLO,5,Reading,7
Speaking and Listening Collections Menu - Grade 8 NA,"Product setup for Speaking and Listening Collections Menu - Grade 8 NA
",/nsmedia/images/bc/student_resources.png,"""9780544261648""",Interactive Speaking and Listening Lessons,/content/hmof/language_arts/hmhcollections/na/gr8/dlo_landing_page_9780544398436_/Teacher_Landing_Page/index.html?tab=2,Interactive Speaking and Listening Lessons,/content/hmof/language_arts/hmhcollections/na/gr8/dlo_landing_page_9780544398436_/Student_Landing_Page/index.html?tab=2,2,DLO,5,Reading,8
Speaking and Listening Collections Menu - Grade 9_FL,Product setup for Speaking and Listening Collections Menu - Grade 9_FL,/nsmedia/images/bc/student_resources.png,"""9780544260429""",Interactive Speaking and Listening Lessons,/content/hmof/language_arts/hmhcollections/fl/gr9/dlo_landing_page_9780544398719_/Teacher_Landing_Page/index.html?tab=2,Interactive Speaking and Listening Lessons,/content/hmof/language_arts/hmhcollections/fl/gr9/dlo_landing_page_9780544398719_/Student_Landing_Page/index.html?tab=2,2,DLO,5,Reading,9
Speaking and Listening Collections Menu - Grade 11 NA,"Product setup for Speaking and Listening Collections Menu - Grade 11
",/nsmedia/images/bc/student_resources.png,"""9780544261921""",Interactive Speaking and Listening Lessons,/content/hmof/language_arts/hmhcollections/na/gr11/dlo_landing_page_9780544398467_/Teacher_Landing_Page/index.html?tab=2,Interactive Speaking and Listening Lessons,/content/hmof/language_arts/hmhcollections/na/gr11/ete_9780544087729_/index.html?page=DL9,-1,DLO,5,Reading,11
Speaking and Listening Collections Menu - Grade 11_FL,Product setup for Speaking and Listening Collections Menu - Grade 11_FL,/nsmedia/images/bc/student_resources.png,"""9780544261631""",Interactive Speaking and Listening Lessons,/content/hmof/language_arts/hmhcollections/fl/gr11/dlo_landing_page_9780544399181_/Teacher_Landing_Page/index.html?tab=2,Interactive Speaking and Listening Lessons,/content/hmof/language_arts/hmhcollections/fl/gr11/dlo_landing_page_9780544399181_/Student_Landing_Page/index.html?tab=2,2,DLO,5,Reading,11
Speaking and Listening Collections Menu - Grade 12_FL,Product setup for Speaking and Listening Collections Menu - Grade 12_FL,/nsmedia/images/bc/student_resources.png,"""9780544262232""",Interactive Speaking and Listening Lessons,/content/hmof/language_arts/hmhcollections/fl/gr12/dlo_landing_page_9780544399204_/Teacher_Landing_Page/index.html?tab=2,Interactive Speaking and Listening Lessons,/content/hmof/language_arts/hmhcollections/fl/gr12/dlo_landing_page_9780544399204_/Student_Landing_Page/index.html?tab=2,2,DLO,5,Reading,12
